rank,customer_id,log_score,matched_facts,total_facts,coverage,exact_rating_matches,exact_rating_rate,mean_abs_error,rmse_to_imdb_profile
1,1204108,-47.916666666666664,37,84,0.44047619047619047,27,0.7297297297297297,0.5,0.6205925677408126
2,639178,-48.27777777777778,30,84,0.35714285714285715,25,0.8333333333333334,0.35,0.5400617248673217
3,656290,-49.05555555555556,42,84,0.5,29,0.6904761904761905,0.4880952380952381,0.6857390868530795
